# 日本財政・経済 歴史データ
# Sources: 財務省、日銀、IPSS、内閣府
# 注: 国債残高は普通国債(T-Bill除く)、人口は15-64歳比率(IPSS 2023推計)
# 2025(FY2024)は令和6年度決算: 税収75.2兆/歳出123.0兆/利払費等7.9兆
year,jgb_outstanding_trillion_yen,boj_holdings_trillion_yen,boj_share_pct,interest_rate_pct,tax_revenue_trillion_yen,expenditure_trillion_yen,working_age_pop_pct,usdjpy
1990,166,25,15.1,6.9,60.1,69.3,69.5,145
1995,225,38,16.9,4.8,52.1,75.9,69.4,94
2000,368,55,14.9,2.9,50.7,89.3,67.9,108
2005,527,90,17.1,1.6,49.1,82.2,65.8,110
2010,637,75,11.8,1.3,41.5,92.3,63.7,88
2015,807,282,34.9,1.0,56.3,96.3,60.6,121
2020,945,500,52.9,0.8,60.8,147.6,59.2,107
2025,1080,576,53.3,0.9,75.2,123.0,59.3,157
